Timestamp,gender,Age,What is your course?,Your current year of Study,What is your CGPA?,Marital status,Do you have Depression?,Do you have Anxiety?,Do you have Panic attack?,Did you seek any specialist for a treatment?
2020-07-08 12:00:00,Female,18.0,Engineering,year 4,2.00 - 2.49,No,No,No,No,No
2020-07-08 13:00:00,Male,24.0,Engineering,year 1,3.00 - 3.49,No,Yes,No,No,No
2020-07-08 14:00:00,Female,23.0,Islamic education,year 1,3.00 - 3.49,No,No,No,Yes,No
2020-07-08 15:00:00,Female,24.0,Islamic education,year 3,3.50 - 4.00,No,No,Yes,No,No
2020-07-08 16:00:00,Female,23.0,BIT,year 2,3.50 - 4.00,No,No,No,Yes,No
2020-07-08 17:00:00,Female,23.0,Laws,year 4,3.00 - 3.49,No,No,No,No,No
2020-07-08 18:00:00,Female,20.0,Islamic education,year 3,2.50 - 2.99,No,No,Yes,Yes,No
2020-07-08 19:00:00,Male,23.0,Engineering,year 1,3.50 - 4.00,No,Yes,No,No,No
2020-07-08 20:00:00,Female,24.0,Laws,year 2,2.00 - 2.49,No,Yes,No,No,No
2020-07-08 21:00:00,Female,23.0,Laws,year 3,3.50 - 4.00,No,No,Yes,Yes,No
2020-07-08 22:00:00,Female,20.0,Engineering,year 2,3.50 - 4.00,No,No,Yes,Yes,No
2020-07-08 23:00:00,Male,20.0,Islamic education,year 3,2.00 - 2.49,No,Yes,No,Yes,No
2020-07-09 00:00:00,Male,24.0,Engineering,year 2,3.00 - 3.49,No,No,Yes,No,No
2020-07-09 01:00:00,Female,19.0,Laws,year 1,2.00 - 2.49,No,Yes,Yes,Yes,No
2020-07-09 02:00:00,Female,19.0,Mathemathics,year 4,3.00 - 3.49,No,Yes,No,No,No
2020-07-09 03:00:00,Female,23.0,Mathemathics,year 1,3.00 - 3.49,No,Yes,No,Yes,No
2020-07-09 04:00:00,Female,18.0,BIT,year 4,3.00 - 3.49,No,Yes,No,No,No
2020-07-09 05:00:00,Female,23.0,Engineering,year 2,2.00 - 2.49,Yes,No,No,Yes,No
2020-07-09 06:00:00,Female,24.0,Engineering,year 3,3.00 - 3.49,No,No,No,Yes,No
2020-07-09 07:00:00,Female,24.0,BIT,year 1,2.50 - 2.99,No,No,No,Yes,Yes
2020-07-09 08:00:00,Female,24.0,BIT,year 4,2.00 - 2.49,Yes,No,No,No,No
2020-07-09 09:00:00,Female,24.0,BIT,year 1,2.50 - 2.99,No,No,No,No,No
2020-07-09 10:00:00,Female,24.0,Laws,year 4,3.00 - 3.49,No,No,No,Yes,No
2020-07-09 11:00:00,Female,20.0,Engineering,year 1,3.50 - 4.00,No,Yes,No,No,No
2020-07-09 12:00:00,Female,19.0,Laws,year 4,3.00 - 3.49,No,No,No,Yes,No
2020-07-09 13:00:00,Male,24.0,BIT,year 4,2.50 - 2.99,No,Yes,Yes,Yes,Yes
2020-07-09 14:00:00,Female,18.0,Engineering,year 2,2.50 - 2.99,No,Yes,No,No,No
2020-07-09 15:00:00,Female,18.0,Laws,year 4,2.00 - 2.49,No,Yes,Yes,Yes,No
2020-07-09 16:00:00,Female,18.0,Laws,year 2,3.50 - 4.00,No,No,No,No,No
2020-07-09 17:00:00,Female,18.0,BIT,year 4,2.00 - 2.49,Yes,No,Yes,Yes,No
2020-07-09 18:00:00,Female,20.0,Engineering,year 3,2.50 - 2.99,No,Yes,No,Yes,No
2020-07-09 19:00:00,Female,18.0,BIT,year 3,3.00 - 3.49,No,Yes,Yes,No,No
2020-07-09 20:00:00,Female,24.0,Engineering,year 3,3.50 - 4.00,No,No,No,No,Yes
2020-07-09 21:00:00,Male,23.0,Mathemathics,year 4,3.00 - 3.49,No,Yes,No,Yes,No
2020-07-09 22:00:00,Male,18.0,Islamic education,year 2,3.00 - 3.49,No,No,Yes,No,No
2020-07-09 23:00:00,Male,20.0,Islamic education,year 2,3.50 - 4.00,No,Yes,No,No,No
2020-07-10 00:00:00,Female,20.0,Islamic education,year 4,2.00 - 2.49,No,Yes,No,No,No
2020-07-10 01:00:00,Female,18.0,BIT,year 3,3.00 - 3.49,No,No,No,No,No
2020-07-10 02:00:00,Female,23.0,Mathemathics,year 3,2.50 - 2.99,No,No,No,No,No
2020-07-10 03:00:00,Female,18.0,Engineering,year 2,3.00 - 3.49,No,Yes,No,No,No
2020-07-10 04:00:00,Female,20.0,Laws,year 3,3.50 - 4.00,No,Yes,No,No,No
2020-07-10 05:00:00,Female,19.0,Engineering,year 1,3.50 - 4.00,No,Yes,Yes,Yes,No
2020-07-10 06:00:00,Female,24.0,Laws,year 2,3.50 - 4.00,Yes,No,No,No,Yes
2020-07-10 07:00:00,Male,20.0,Engineering,year 3,2.00 - 2.49,No,No,No,No,No
2020-07-10 08:00:00,Female,18.0,Mathemathics,year 2,3.00 - 3.49,No,No,No,No,No
2020-07-10 09:00:00,Female,24.0,Laws,year 1,2.00 - 2.49,Yes,No,No,No,No
2020-07-10 10:00:00,Female,18.0,BIT,year 2,2.00 - 2.49,No,Yes,No,No,No
2020-07-10 11:00:00,Female,18.0,Engineering,year 2,3.50 - 4.00,No,No,Yes,No,No
2020-07-10 12:00:00,Female,19.0,Engineering,year 2,3.50 - 4.00,No,No,No,Yes,No
2020-07-10 13:00:00,Female,24.0,Laws,year 2,2.00 - 2.49,No,Yes,No,No,No
2020-07-10 14:00:00,Male,24.0,BIT,year 1,3.00 - 3.49,No,No,No,Yes,No
2020-07-10 15:00:00,Male,19.0,BIT,year 4,2.50 - 2.99,No,No,No,Yes,No
2020-07-10 16:00:00,Male,20.0,Mathemathics,year 2,2.00 - 2.49,No,No,Yes,No,No
2020-07-10 17:00:00,Male,18.0,BIT,year 2,3.00 - 3.49,No,No,No,Yes,No
2020-07-10 18:00:00,Female,23.0,BIT,year 3,3.50 - 4.00,Yes,No,No,Yes,No
2020-07-10 19:00:00,Male,18.0,BIT,year 2,3.50 - 4.00,No,No,Yes,No,No
2020-07-10 20:00:00,Female,18.0,Islamic education,year 3,3.00 - 3.49,No,No,No,No,No
2020-07-10 21:00:00,Female,20.0,Mathemathics,year 4,2.50 - 2.99,Yes,No,Yes,Yes,No
2020-07-10 22:00:00,Female,18.0,Engineering,year 1,3.50 - 4.00,Yes,No,No,Yes,No
2020-07-10 23:00:00,Female,19.0,Laws,year 1,3.50 - 4.00,Yes,Yes,Yes,No,No
2020-07-11 00:00:00,Female,19.0,Engineering,year 4,3.50 - 4.00,No,Yes,No,Yes,Yes
2020-07-11 01:00:00,Female,24.0,Mathemathics,year 1,3.00 - 3.49,No,Yes,Yes,Yes,No
2020-07-11 02:00:00,Male,23.0,Laws,year 4,2.00 - 2.49,No,Yes,No,Yes,No
2020-07-11 03:00:00,Female,18.0,Mathemathics,year 4,3.50 - 4.00,No,Yes,No,Yes,Yes
2020-07-11 04:00:00,Female,18.0,BIT,year 4,2.00 - 2.49,Yes,No,No,Yes,No
2020-07-11 05:00:00,Female,20.0,Laws,year 1,2.50 - 2.99,No,No,Yes,No,No
2020-07-11 06:00:00,Female,19.0,BIT,year 3,3.50 - 4.00,No,No,Yes,No,Yes
2020-07-11 07:00:00,Male,23.0,Engineering,year 4,3.50 - 4.00,Yes,No,Yes,No,No
2020-07-11 08:00:00,Female,24.0,Engineering,year 2,2.50 - 2.99,No,No,No,Yes,No
2020-07-11 09:00:00,Male,19.0,Laws,year 1,3.50 - 4.00,No,No,Yes,No,No
2020-07-11 10:00:00,Male,24.0,Laws,year 4,2.00 - 2.49,No,No,No,No,No
2020-07-11 11:00:00,Female,20.0,Mathemathics,year 4,3.00 - 3.49,No,No,No,Yes,No
2020-07-11 12:00:00,Female,20.0,Mathemathics,year 2,2.00 - 2.49,Yes,Yes,No,No,No
2020-07-11 13:00:00,Male,18.0,BIT,year 3,3.00 - 3.49,No,Yes,Yes,Yes,No
2020-07-11 14:00:00,Female,23.0,Laws,year 3,3.00 - 3.49,No,Yes,No,Yes,No
2020-07-11 15:00:00,Female,24.0,Engineering,year 3,2.00 - 2.49,No,Yes,No,No,No
2020-07-11 16:00:00,Male,19.0,Mathemathics,year 4,2.00 - 2.49,No,Yes,Yes,No,No
2020-07-11 17:00:00,Female,20.0,Mathemathics,year 4,2.00 - 2.49,Yes,No,No,No,Yes
2020-07-11 18:00:00,Female,18.0,Engineering,year 4,2.00 - 2.49,Yes,No,No,No,No
2020-07-11 19:00:00,Female,18.0,Mathemathics,year 1,2.50 - 2.99,No,Yes,No,No,No
2020-07-11 20:00:00,Male,24.0,BIT,year 2,3.50 - 4.00,Yes,Yes,No,No,No
2020-07-11 21:00:00,Female,20.0,Laws,year 4,3.00 - 3.49,No,Yes,No,No,No
2020-07-11 22:00:00,Female,23.0,Engineering,year 2,2.00 - 2.49,No,No,No,No,No
2020-07-11 23:00:00,Female,20.0,Laws,year 2,2.00 - 2.49,No,No,No,No,No
2020-07-12 00:00:00,Female,24.0,Mathemathics,year 3,2.00 - 2.49,No,No,No,No,No
2020-07-12 01:00:00,Female,24.0,Mathemathics,year 1,2.50 - 2.99,No,Yes,No,No,No
2020-07-12 02:00:00,Female,20.0,Engineering,year 4,2.00 - 2.49,No,No,Yes,No,No
2020-07-12 03:00:00,Female,24.0,BIT,year 3,2.00 - 2.49,No,No,No,Yes,No
2020-07-12 04:00:00,Male,20.0,Islamic education,year 3,2.00 - 2.49,No,Yes,No,Yes,No
2020-07-12 05:00:00,Female,19.0,Engineering,year 4,3.50 - 4.00,No,No,No,No,No
2020-07-12 06:00:00,Female,20.0,Islamic education,year 2,2.50 - 2.99,No,No,No,Yes,No
2020-07-12 07:00:00,Female,20.0,Islamic education,year 3,2.00 - 2.49,No,No,No,No,No
2020-07-12 08:00:00,Male,24.0,BIT,year 2,3.00 - 3.49,No,No,Yes,Yes,No
2020-07-12 09:00:00,Female,24.0,Islamic education,year 1,3.00 - 3.49,No,No,No,No,No
2020-07-12 10:00:00,Male,18.0,Islamic education,year 2,3.00 - 3.49,No,No,No,Yes,No
2020-07-12 11:00:00,Female,18.0,BIT,year 1,2.50 - 2.99,No,No,No,Yes,No
2020-07-12 12:00:00,Female,19.0,Islamic education,year 2,2.50 - 2.99,No,No,No,Yes,No
2020-07-12 13:00:00,Female,18.0,Islamic education,year 3,3.00 - 3.49,No,No,Yes,Yes,No
2020-07-12 14:00:00,Female,20.0,Islamic education,year 3,2.00 - 2.49,No,No,No,No,No
2020-07-12 15:00:00,Female,24.0,Engineering,year 1,2.50 - 2.99,No,No,No,No,No
